<?xml version="1.0" encoding="UTF-8"?>
<!DOCTYPE mapper PUBLIC "-//mybatis.org//DTD Mapper 3.0//EN" "http://mybatis.org/dtd/mybatis-3-mapper.dtd">
<mapper namespace="com.sisp.dao.ProblemEntityMapper">

    <!-- 查询所有用户信息 -->
    <select id="queryProblemList" parameterType="java.lang.String" resultType="com.sisp.dao.entity.ProblemEntity">
    SELECT
      id,questionContent,questionnaireId,questionType,questionMust,questionOrder,status
    FROM queinfo
    WHERE status = "1"
  </select>
    <!-- 插入 -->
    <insert id="insertProblem" parameterType="com.sisp.dao.entity.ProblemEntity">
        <!--
        WARNING - @mbg.generated
        This element is automatically generated by MyBatis Generator, do not modify.
        -->
        insert into queinfo (id,question_content,questionnaire_id,question_type,question_must,question_order,status)
        values (#{id,jdbcType=VARCHAR}, #{questionContent,jdbcType=VARCHAR}, #{questionnaireId,jdbcType=VARCHAR},
        #{questionType,jdbcType=VARCHAR}, #{questionMust,jdbcType=VARCHAR},
        #{questionOrder,jdbcType=VARCHAR}, #{status,jdbcType=VARCHAR}
        )
    </insert>


    <!-- 删除 -->
    <delete id="deleteProblemById" parameterType="com.sisp.dao.entity.ProblemEntity">
        <!--
          WARNING - @mbg.generated
          This element is automatically generated by MyBatis Generator, do not modify.
        -->
        delete from queinfo
        where id = #{id,jdbcType=VARCHAR}
    </delete>
    <!-- 修改 -->
    <update id="updateByPrimaryKeySelective1" parameterType="com.sisp.dao.entity.ProjectEntity">
        <!--
          WARNING - @mbg.generated
          This element is automatically generated by MyBatis Generator, do not modify.
        -->
        update projectinfo
        set projectname = #{projectName,jdbcType=VARCHAR},
        projectcontent = #{projectContent,jdbcType=VARCHAR},
        createdby = #{createdBy,jdbcType=VARCHAR},
        creationdate = #{creationDate,jdbcType=VARCHAR},
        lastupdateby = #{lastUpdateBy,jdbcType=VARCHAR},
        lastupdatedate = #{lastUpdateDate,jdbcType=VARCHAR}
        where id = #{id,jdbcType=VARCHAR}
    </update>




</mapper>