<?xml version="1.0" encoding="UTF-8"?>
<!DOCTYPE mapper PUBLIC "-//mybatis.org//DTD Mapper 3.0//EN" "http://mybatis.org/dtd/mybatis-3-mapper.dtd">
<mapper namespace="com.sisp.dao.QuestionnaireEntityMapper">

    <!-- 查询所有题目信息 -->
    <select id="queryQuestionnaireList" parameterType="java.lang.String" resultType="com.sisp.dao.entity.QuestionnaireEntity">
    select * from questionnaireinfo

  </select>

    <!-- 插入 -->
    <insert id="insertQuestionnaire" parameterType="com.sisp.dao.entity.QuestionnaireEntity">
        <!--
        WARNING - @mbg.generated
        This element is automatically generated by MyBatis Generator, do not modify.
        -->
        insert into  questionnaireinfo(uid,questionnairetype,questionnairecontent)
        values (#{uid,jdbcType=VARCHAR}, #{questionnairetype,jdbcType=VARCHAR}, #{questionnairecontent,jdbcType=VARCHAR}
        )
    </insert>

    <!-- 删除 -->
    <delete id="deleteQuestionnaireById" parameterType="com.sisp.dao.entity.QuestionnaireEntity">
        <!--
          WARNING - @mbg.generated
          This element is automatically generated by MyBatis Generator, do not modify.
        -->
        delete from questionnaireinfo
        where id = #{uid,jdbcType=VARCHAR}
    </delete>

    <!-- 修改 -->
    <update id="updateByPrimaryKeySelectivee" parameterType="com.sisp.dao.entity.QuestionnaireEntity">
        <!--
          WARNING - @mbg.generated
          This element is automatically generated by MyBatis Generator, do not modify.
        -->
        update questionnaireinfo
        set #{questionnairetype,jdbcType=VARCHAR},
        #{questionnairecontent,jdbcType=VARCHAR}
        where id = #{uid,jdbcType=VARCHAR}

    </update>



</mapper>