<?xml version="1.0" encoding="UTF-8"?>
<!DOCTYPE mapper PUBLIC "-//mybatis.org//DTD Mapper 3.0//EN" "http://mybatis.org/dtd/mybatis-3-mapper.dtd">
<mapper namespace="com.sisp.dao.UserEntityMapper">

  <!-- 查询所有用户信息 -->
  <select id="queryUserList" parameterType="java.lang.String" resultType="com.sisp.dao.entity.UserEntity">
    SELECT
    id,username,password,start_time as "starttime",stop_time as "stoptime"
    FROM userinfo
    WHERE status = "1"
  </select>

  <!-- 插入 -->
  <insert id="insert" parameterType="com.sisp.dao.entity.UserEntity">
    <!--
    WARNING - @mbg.generated
    This element is automatically generated by MyBatis Generator, do not modify.
    -->
    insert into userinfo (id, username, password,
    start_time, stop_time,
    status, created_by, creation_date,
    last_updated_by, last_update_date)
    values (#{id,jdbcType=VARCHAR}, #{username,jdbcType=VARCHAR}, #{password,jdbcType=VARCHAR},
    #{startTime,jdbcType=TIMESTAMP}, #{stopTime,jdbcType=TIMESTAMP},
    #{status,jdbcType=VARCHAR}, #{createdBy,jdbcType=CHAR}, #{creationDate,jdbcType=TIMESTAMP},
    #{lastUpdatedBy,jdbcType=CHAR}, #{lastUpdateDate,jdbcType=TIMESTAMP})
  </insert>

  <!-- 删除 -->
  <delete id="deleteUserById" parameterType="com.sisp.dao.entity.UserEntity">
    <!--
      WARNING - @mbg.generated
      This element is automatically generated by MyBatis Generator, do not modify.
    -->
    delete from userinfo
    where id = #{id,jdbcType=VARCHAR}
  </delete>

  <!-- 修改 -->
  <update id="updateByPrimaryKeySelective" parameterType="com.sisp.dao.entity.UserEntity">
    <!--
      WARNING - @mbg.generated
      This element is automatically generated by MyBatis Generator, do not modify.
    -->
    update userinfo
      set username = #{username,jdbcType=VARCHAR},
      password = #{password,jdbcType=VARCHAR},

      start_time = #{startTime,jdbcType=TIMESTAMP},
      stop_time = #{stopTime,jdbcType=TIMESTAMP},
      status = #{status,jdbcType=VARCHAR},
      created_by = #{createdBy,jdbcType=CHAR},
      creation_date = #{creationDate,jdbcType=TIMESTAMP},
      last_updated_by = #{lastUpdatedBy,jdbcType=CHAR},
      last_update_date = #{lastUpdateDate,jdbcType=TIMESTAMP}
    where id = #{id,jdbcType=VARCHAR}
  </update>

    <!--根据用户名查找用户信息-->
  <select id="selectUserInfo" parameterType="java.lang.String" resultType="com.sisp.dao.entity.UserEntity">
    SELECT id,username,`password`,status
    FROM userinfo
    WHERE username = #{username,jdbcType=VARCHAR} and `password` = #{password,jdbcType=VARCHAR}
    AND status = "1"
  </select>

</mapper>